Contract Name,Service Receiver,Service Name,Origin Company Code,Origin Facility Code,Origin City,Origin State,Destination Company Code,Destination Facility Code,Destination City,Destination State,Vehicle Type,Charge Type,Charges,Charge Uom,Invoice From,Invoice To,Tax Applicable,When To Invoice,Billing Cycle Period,Start Date,End Date,Number Of Invoices In The Period,Payment Mode,Facility Category,Original Customer,Product Category,Profit Center,Business Area,Internal Order Number,Payment Terms,Shipx Error
GLOVIS Anantapur 02-02-2026_truck,MLL,FTL-Normal,,,Penukonda,Andhra Pradesh,,,Dibrugarh,Assam,Container CMVR-18.75 MT,Freight charge,51448,Units,30020733,Corporate Office,Y,Delivered with pod,Monthly,2026-02-01,2026-12-31,1,To Bill,,GLOVIS KIA,Carens,,,,,"Invalid Original customer, Invalid Invoice To ( Corporate Office ), Invalid Service Receiver# MLL"
GLOVIS Anantapur 02-02-2026_truck,MLL,FTL-Normal,,,Penukonda,Andhra Pradesh,,,Guwahati,Assam,Container CMVR-18.75 MT,Freight charge,45447,Units,30020733,Corporate Office,Y,Delivered with pod,Monthly,2026-02-01,2026-12-31,1,To Bill,,GLOVIS KIA,Carens,,,,,"Invalid Original customer, Invalid Invoice To ( Corporate Office ), Invalid Service Receiver# MLL"
GLOVIS Anantapur 02-02-2026_truck,MLL,FTL-Normal,,,Penukonda,Andhra Pradesh,,,Jorhat,Assam,Container CMVR-18.75 MT,Freight charge,45799,Units,30020733,Corporate Office,Y,Delivered with pod,Monthly,2026-02-01,2026-12-31,1,To Bill,,GLOVIS KIA,Carens,,,,,"Invalid Original customer, Invalid Invoice To ( Corporate Office ), Invalid Service Receiver# MLL"
GLOVIS Anantapur 01-02-2026_truck,MLL,FTL-Normal,,,Penukonda,Andhra Pradesh,,,Thrissur,Kerala,Container CMVR-18.75 MT,Freight charge,11484,Units,30020733,Corporate Office,Y,Delivered with pod,Monthly,2026-02-01,2026-12-31,1,To Bill,,GLOVIS KIA,Sonet,,,,,"Invalid Original customer, Invalid Invoice To ( Corporate Office ), Invalid Service Receiver# MLL"
GLOVIS Anantapur 01-02-2026_truck,MLL,FTL-Normal,,,Penukonda,Andhra Pradesh,,,Todupuzha,Kerala,Container CMVR-18.75 MT,Freight charge,12653,Units,30020733,Corporate Office,Y,Delivered with pod,Monthly,2026-02-01,2026-12-31,1,To Bill,,GLOVIS KIA,Sonet,,,,,"Invalid Original customer, Invalid Invoice To ( Corporate Office ), Invalid Service Receiver# MLL"
GLOVIS Anantapur 01-02-2026_truck,MLL,FTL-Normal,,,Penukonda,Andhra Pradesh,,,Trivandrum,Kerala,Container CMVR-18.75 MT,Freight charge,15784,Units,30020733,Corporate Office,Y,Delivered with pod,Monthly,2026-02-01,2026-12-31,1,To Bill,,GLOVIS KIA,Sonet,,,,,"Invalid Original customer, Invalid Invoice To ( Corporate Office ), Invalid Service Receiver# MLL"
GLOVIS Anantapur 01-02-2026_truck,MLL,FTL-Normal,,,Penukonda,Andhra Pradesh,,,Vatakara,Kerala,Container CMVR-18.75 MT,Freight charge,14052,Units,30020733,Corporate Office,Y,Delivered with pod,Monthly,2026-02-01,2026-12-31,1,To Bill,,GLOVIS KIA,Sonet,,,,,"Invalid Original customer, Invalid Invoice To ( Corporate Office ), Invalid Service Receiver# MLL"
GLOVIS Anantapur 01-02-2026_truck,MLL,FTL-Normal,,,Penukonda,Andhra Pradesh,,,Pondicherry,Puducherry,Container CMVR-18.75 MT,Freight charge,9660,Units,30020733,Corporate Office,Y,Delivered with pod,Monthly,2026-02-01,2026-12-31,1,To Bill,,GLOVIS KIA,Sonet,,,,,"Invalid Original customer, Invalid Invoice To ( Corporate Office ), Invalid Service Receiver# MLL"
GLOVIS Anantapur 01-02-2026_truck,MLL,FTL-Normal,,,Penukonda,Andhra Pradesh,,,Chennai,Tamil Nadu,Container CMVR-18.75 MT,Freight charge,6371,Units,30020733,Corporate Office,Y,Delivered with pod,Monthly,2026-02-01,2026-12-31,1,To Bill,,GLOVIS KIA,Sonet,,,,,"Invalid Original customer, Invalid Invoice To ( Corporate Office ), Invalid Service Receiver# MLL"
GLOVIS Anantapur 01-02-2026_truck,MLL,FTL-Normal,,,Penukonda,Andhra Pradesh,,,Coimbatore,Tamil Nadu,Container CMVR-18.75 MT,Freight charge,9478,Units,30020733,Corporate Office,Y,Delivered with pod,Monthly,2026-02-01,2026-12-31,1,To Bill,,GLOVIS KIA,Sonet,,,,,"Invalid Original customer, Invalid Invoice To ( Corporate Office ), Invalid Service Receiver# MLL"
GLOVIS Anantapur 01-02-2026_truck,MLL,FTL-Normal,,,Penukonda,Andhra Pradesh,,,Erode,Tamil Nadu,Container CMVR-18.75 MT,Freight charge,7987,Units,30020733,Corporate Office,Y,Delivered with pod,Monthly,2026-02-01,2026-12-31,1,To Bill,,GLOVIS KIA,Sonet,,,,,"Invalid Original customer, Invalid Invoice To ( Corporate Office ), Invalid Service Receiver# MLL"
GLOVIS Anantapur 01-02-2026_truck,MLL,FTL-Normal,,,Penukonda,Andhra Pradesh,,,Karaikudi,Tamil Nadu,Container CMVR-18.75 MT,Freight charge,10553,Units,30020733,Corporate Office,Y,Delivered with pod,Monthly,2026-02-01,2026-12-31,1,To Bill,,GLOVIS KIA,Sonet,,,,,"Invalid Original customer, Invalid Invoice To ( Corporate Office ), Invalid Service Receiver# MLL"
GLOVIS Anantapur 01-02-2026_truck,MLL,FTL-Normal,,,Penukonda,Andhra Pradesh,,,Madurai,Tamil Nadu,Container CMVR-18.75 MT,Freight charge,10892,Units,30020733,Corporate Office,Y,Delivered with pod,Monthly,2026-02-01,2026-12-31,1,To Bill,,GLOVIS KIA,Sonet,,,,,"Invalid Original customer, Invalid Invoice To ( Corporate Office ), Invalid Service Receiver# MLL"
GLOVIS Anantapur 01-02-2026_truck,MLL,FTL-Normal,,,Penukonda,Andhra Pradesh,,,Pollachi,Tamil Nadu,Container CMVR-18.75 MT,Freight charge,9923,Units,30020733,Corporate Office,Y,Delivered with pod,Monthly,2026-02-01,2026-12-31,1,To Bill,,GLOVIS KIA,Sonet,,,,,"Invalid Original customer, Invalid Invoice To ( Corporate Office ), Invalid Service Receiver# MLL"
GLOVIS Anantapur 01-02-2026_truck,MLL,FTL-Normal,,,Penukonda,Andhra Pradesh,,,Pudukkottai,Tamil Nadu,Container CMVR-18.75 MT,Freight charge,10553,Units,30020733,Corporate Office,Y,Delivered with pod,Monthly,2026-02-01,2026-12-31,1,To Bill,,GLOVIS KIA,Sonet,,,,,"Invalid Original customer, Invalid Invoice To ( Corporate Office ), Invalid Service Receiver# MLL"
GLOVIS Anantapur 01-02-2026_truck,MLL,FTL-Normal,,,Penukonda,Andhra Pradesh,,,Salem,Tamil Nadu,Container CMVR-18.75 MT,Freight charge,7274,Units,30020733,Corporate Office,Y,Delivered with pod,Monthly,2026-02-01,2026-12-31,1,To Bill,,GLOVIS KIA,Sonet,,,,,"Invalid Original customer, Invalid Invoice To ( Corporate Office ), Invalid Service Receiver# MLL"
GLOVIS Anantapur 01-02-2026_truck,MLL,FTL-Normal,,,Penukonda,Andhra Pradesh,,,Thanjavur,Tamil Nadu,Container CMVR-18.75 MT,Freight charge,10170,Units,30020733,Corporate Office,Y,Delivered with pod,Monthly,2026-02-01,2026-12-31,1,To Bill,,GLOVIS KIA,Sonet,,,,,"Invalid Original customer, Invalid Invoice To ( Corporate Office ), Invalid Service Receiver# MLL"
GLOVIS Anantapur 01-02-2026_truck,MLL,FTL-Normal,,,Penukonda,Andhra Pradesh,,,Tirunelveli,Tamil Nadu,Container CMVR-18.75 MT,Freight charge,13322,Units,30020733,Corporate Office,Y,Delivered with pod,Monthly,2026-02-01,2026-12-31,1,To Bill,,GLOVIS KIA,Sonet,,,,,"Invalid Original customer, Invalid Invoice To ( Corporate Office ), Invalid Service Receiver# MLL"
GLOVIS Anantapur 01-02-2026_truck,MLL,FTL-Normal,,,Penukonda,Andhra Pradesh,,,Tirupur,Tamil Nadu,Container CMVR-18.75 MT,Freight charge,10545,Units,30020733,Corporate Office,Y,Delivered with pod,Monthly,2026-02-01,2026-12-31,1,To Bill,,GLOVIS KIA,Sonet,,,,,"Invalid Original customer, Invalid Invoice To ( Corporate Office ), Invalid Service Receiver# MLL"
GLOVIS Anantapur 01-02-2026_truck,MLL,FTL-Normal,,,Penukonda,Andhra Pradesh,,,Trichirapalli,Tamil Nadu,Container CMVR-18.75 MT,Freight charge,9324,Units,30020733,Corporate Office,Y,Delivered with pod,Monthly,2026-02-01,2026-12-31,1,To Bill,,GLOVIS KIA,Sonet,,,,,"Invalid Original customer, Invalid Invoice To ( Corporate Office ), Invalid Service Receiver# MLL"
GLOVIS Anantapur 01-02-2026_truck,MLL,FTL-Normal,,,Penukonda,Andhra Pradesh,,,Vellore,Tamil Nadu,Container CMVR-18.75 MT,Freight charge,5782,Units,30020733,Corporate Office,Y,Delivered with pod,Monthly,2026-02-01,2026-12-31,1,To Bill,,GLOVIS KIA,Sonet,,,,,"Invalid Original customer, Invalid Invoice To ( Corporate Office ), Invalid Service Receiver# MLL"
GLOVIS Anantapur 01-02-2026_truck,MLL,FTL-Normal,,,Penukonda,Andhra Pradesh,,,Hosur,Tamil Nadu,Container CMVR-18.75 MT,Freight charge,5137,Units,30020733,Corporate Office,Y,Delivered with pod,Monthly,2026-02-01,2026-12-31,1,To Bill,,GLOVIS KIA,Sonet,,,,,"Invalid Original customer, Invalid Invoice To ( Corporate Office ), Invalid Service Receiver# MLL"
GLOVIS Anantapur 01-02-2026_truck,MLL,FTL-Normal,,,Penukonda,Andhra Pradesh,,,Hyderabad,Telangana,Container CMVR-18.75 MT,Freight charge,7422,Units,30020733,Corporate Office,Y,Delivered with pod,Monthly,2026-02-01,2026-12-31,1,To Bill,,GLOVIS KIA,Sonet,,,,,"Invalid Original customer, Invalid Invoice To ( Corporate Office ), Invalid Service Receiver# MLL"
GLOVIS Anantapur 01-02-2026_truck,MLL,FTL-Normal,,,Penukonda,Andhra Pradesh,,,Karimnagar,Telangana,Container CMVR-18.75 MT,Freight charge,10343,Units,30020733,Corporate Office,Y,Delivered with pod,Monthly,2026-02-01,2026-12-31,1,To Bill,,GLOVIS KIA,Sonet,,,,,"Invalid Original customer, Invalid Invoice To ( Corporate Office ), Invalid Service Receiver# MLL"
GLOVIS Anantapur 01-02-2026_truck,MLL,FTL-Normal,,,Penukonda,Andhra Pradesh,,,Khammam,Telangana,Container CMVR-18.75 MT,Freight charge,10629,Units,30020733,Corporate Office,Y,Delivered with pod,Monthly,2026-02-01,2026-12-31,1,To Bill,,GLOVIS KIA,Sonet,,,,,"Invalid Original customer, Invalid Invoice To ( Corporate Office ), Invalid Service Receiver# MLL"
GLOVIS Anantapur 01-02-2026_truck,MLL,FTL-Normal,,,Penukonda,Andhra Pradesh,,,Nizamabad,Telangana,Container CMVR-18.75 MT,Freight charge,10180,Units,30020733,Corporate Office,Y,Delivered with pod,Monthly,2026-02-01,2026-12-31,1,To Bill,,GLOVIS KIA,Sonet,,,,,"Invalid Original customer, Invalid Invoice To ( Corporate Office ), Invalid Service Receiver# MLL"
GLOVIS Anantapur 01-02-2026_truck,MLL,FTL-Normal,,,Penukonda,Andhra Pradesh,,,Secunderabad,Telangana,Container CMVR-18.75 MT,Freight charge,7422,Units,30020733,Corporate Office,Y,Delivered with pod,Monthly,2026-02-01,2026-12-31,1,To Bill,,GLOVIS KIA,Sonet,,,,,"Invalid Original customer, Invalid Invoice To ( Corporate Office ), Invalid Service Receiver# MLL"
GLOVIS Anantapur 01-02-2026_truck,MLL,FTL-Normal,,,Penukonda,Andhra Pradesh,,,Warangal,Telangana,Container CMVR-18.75 MT,Freight charge,10135,Units,30020733,Corporate Office,Y,Delivered with pod,Monthly,2026-02-01,2026-12-31,1,To Bill,,GLOVIS KIA,Sonet,,,,,"Invalid Original customer, Invalid Invoice To ( Corporate Office ), Invalid Service Receiver# MLL"
GLOVIS Anantapur 01-02-2026_truck,MLL,FTL-Normal,,,Penukonda,Andhra Pradesh,,,Goa,Goa,Container CMVR-18.75 MT,Freight charge,12941,Units,30020733,Corporate Office,Y,Delivered with pod,Monthly,2026-02-01,2026-12-31,1,To Bill,,GLOVIS KIA,Sonet,,,,,"Invalid Original customer, Invalid Invoice To ( Corporate Office ), Invalid Service Receiver# MLL"
GLOVIS Anantapur 01-02-2026_truck,MLL,FTL-Normal,,,Penukonda,Andhra Pradesh,,,Ahmedabad,Gujarat,Container CMVR-18.75 MT,Freight charge,16190,Units,30020733,Corporate Office,Y,Delivered with pod,Monthly,2026-02-01,2026-12-31,1,To Bill,,GLOVIS KIA,Sonet,,,,,"Invalid Original customer, Invalid Invoice To ( Corporate Office ), Invalid Service Receiver# MLL"
GLOVIS Anantapur 01-02-2026_truck,MLL,FTL-Normal,,,Penukonda,Andhra Pradesh,,,Anand,Gujarat,Container CMVR-18.75 MT,Freight charge,16064,Units,30020733,Corporate Office,Y,Delivered with pod,Monthly,2026-02-01,2026-12-31,1,To Bill,,GLOVIS KIA,Sonet,,,,,"Invalid Original customer, Invalid Invoice To ( Corporate Office ), Invalid Service Receiver# MLL"
GLOVIS Anantapur 01-02-2026_truck,MLL,FTL-Normal,,,Penukonda,Andhra Pradesh,,,Bharuch,Gujarat,Container CMVR-18.75 MT,Freight charge,14971,Units,30020733,Corporate Office,Y,Delivered with pod,Monthly,2026-02-01,2026-12-31,1,To Bill,,GLOVIS KIA,Sonet,,,,,"Invalid Original customer, Invalid Invoice To ( Corporate Office ), Invalid Service Receiver# MLL"
GLOVIS Anantapur 01-02-2026_truck,MLL,FTL-Normal,,,Penukonda,Andhra Pradesh,,,Bhavnagar,Gujarat,Container CMVR-18.75 MT,Freight charge,18037,Units,30020733,Corporate Office,Y,Delivered with pod,Monthly,2026-02-01,2026-12-31,1,To Bill,,GLOVIS KIA,Sonet,,,,,"Invalid Original customer, Invalid Invoice To ( Corporate Office ), Invalid Service Receiver# MLL"
GLOVIS Anantapur 01-02-2026_truck,MLL,FTL-Normal,,,Penukonda,Andhra Pradesh,,,Bhuj,Gujarat,Container CMVR-18.75 MT,Freight charge,19471,Units,30020733,Corporate Office,Y,Delivered with pod,Monthly,2026-02-01,2026-12-31,1,To Bill,,GLOVIS KIA,Sonet,,,,,"Invalid Original customer, Invalid Invoice To ( Corporate Office ), Invalid Service Receiver# MLL"
GLOVIS Anantapur 01-02-2026_truck,MLL,FTL-Normal,,,Penukonda,Andhra Pradesh,,,Gandhidham,Gujarat,Container CMVR-18.75 MT,Freight charge,19447,Units,30020733,Corporate Office,Y,Delivered with pod,Monthly,2026-02-01,2026-12-31,1,To Bill,,GLOVIS KIA,Sonet,,,,,"Invalid Original customer, Invalid Invoice To ( Corporate Office ), Invalid Service Receiver# MLL"
GLOVIS Anantapur 01-02-2026_truck,MLL,FTL-Normal,,,Penukonda,Andhra Pradesh,,,Gandhinagar,Gujarat,Container CMVR-18.75 MT,Freight charge,16352,Units,30020733,Corporate Office,Y,Delivered with pod,Monthly,2026-02-01,2026-12-31,1,To Bill,,GLOVIS KIA,Sonet,,,,,"Invalid Original customer, Invalid Invoice To ( Corporate Office ), Invalid Service Receiver# MLL"
GLOVIS Anantapur 01-02-2026_truck,MLL,FTL-Normal,,,Penukonda,Andhra Pradesh,,,Himatnagar,Gujarat,Container CMVR-18.75 MT,Freight charge,16161,Units,30020733,Corporate Office,Y,Delivered with pod,Monthly,2026-02-01,2026-12-31,1,To Bill,,GLOVIS KIA,Sonet,,,,,"Invalid Original customer, Invalid Invoice To ( Corporate Office ), Invalid Service Receiver# MLL"
GLOVIS Anantapur 01-02-2026_truck,MLL,FTL-Normal,,,Penukonda,Andhra Pradesh,,,Jamnagar,Gujarat,Container CMVR-18.75 MT,Freight charge,21649,Units,30020733,Corporate Office,Y,Delivered with pod,Monthly,2026-02-01,2026-12-31,1,To Bill,,GLOVIS KIA,Sonet,,,,,"Invalid Original customer, Invalid Invoice To ( Corporate Office ), Invalid Service Receiver# MLL"
GLOVIS Anantapur 01-02-2026_truck,MLL,FTL-Normal,,,Penukonda,Andhra Pradesh,,,Junagadh,Gujarat,Container CMVR-18.75 MT,Freight charge,20463,Units,30020733,Corporate Office,Y,Delivered with pod,Monthly,2026-02-01,2026-12-31,1,To Bill,,GLOVIS KIA,Sonet,,,,,"Invalid Original customer, Invalid Invoice To ( Corporate Office ), Invalid Service Receiver# MLL"
GLOVIS Anantapur 01-02-2026_truck,MLL,FTL-Normal,,,Penukonda,Andhra Pradesh,,,Mehsana,Gujarat,Container CMVR-18.75 MT,Freight charge,17381,Units,30020733,Corporate Office,Y,Delivered with pod,Monthly,2026-02-01,2026-12-31,1,To Bill,,GLOVIS KIA,Sonet,,,,,"Invalid Original customer, Invalid Invoice To ( Corporate Office ), Invalid Service Receiver# MLL"
GLOVIS Anantapur 01-02-2026_truck,MLL,FTL-Normal,,,Penukonda,Andhra Pradesh,,,Navsari,Gujarat,Container CMVR-18.75 MT,Freight charge,14902,Units,30020733,Corporate Office,Y,Delivered with pod,Monthly,2026-02-01,2026-12-31,1,To Bill,,GLOVIS KIA,Sonet,,,,,"Invalid Original customer, Invalid Invoice To ( Corporate Office ), Invalid Service Receiver# MLL"
GLOVIS Anantapur 01-02-2026_truck,MLL,FTL-Normal,,,Penukonda,Andhra Pradesh,,,Palanpur,Gujarat,Container CMVR-18.75 MT,Freight charge,18230,Units,30020733,Corporate Office,Y,Delivered with pod,Monthly,2026-02-01,2026-12-31,1,To Bill,,GLOVIS KIA,Sonet,,,,,"Invalid Original customer, Invalid Invoice To ( Corporate Office ), Invalid Service Receiver# MLL"
GLOVIS Anantapur 01-02-2026_truck,MLL,FTL-Normal,,,Penukonda,Andhra Pradesh,,,Rajkot,Gujarat,Container CMVR-18.75 MT,Freight charge,19863,Units,30020733,Corporate Office,Y,Delivered with pod,Monthly,2026-02-01,2026-12-31,1,To Bill,,GLOVIS KIA,Sonet,,,,,"Invalid Original customer, Invalid Invoice To ( Corporate Office ), Invalid Service Receiver# MLL"
GLOVIS Anantapur 01-02-2026_truck,MLL,FTL-Normal,,,Penukonda,Andhra Pradesh,,,Surat,Gujarat,Container CMVR-18.75 MT,Freight charge,14902,Units,30020733,Corporate Office,Y,Delivered with pod,Monthly,2026-02-01,2026-12-31,1,To Bill,,GLOVIS KIA,Sonet,,,,,"Invalid Original customer, Invalid Invoice To ( Corporate Office ), Invalid Service Receiver# MLL"
GLOVIS Anantapur 01-02-2026_truck,MLL,FTL-Normal,,,Penukonda,Andhra Pradesh,,,Vadodara,Gujarat,Container CMVR-18.75 MT,Freight charge,15855,Units,30020733,Corporate Office,Y,Delivered with pod,Monthly,2026-02-01,2026-12-31,1,To Bill,,GLOVIS KIA,Sonet,,,,,"Invalid Original customer, Invalid Invoice To ( Corporate Office ), Invalid Service Receiver# MLL"
GLOVIS Anantapur 01-02-2026_truck,MLL,FTL-Normal,,,Penukonda,Andhra Pradesh,,,Vapi,Gujarat,Container CMVR-18.75 MT,Freight charge,13711,Units,30020733,Corporate Office,Y,Delivered with pod,Monthly,2026-02-01,2026-12-31,1,To Bill,,GLOVIS KIA,Sonet,,,,,"Invalid Original customer, Invalid Invoice To ( Corporate Office ), Invalid Service Receiver# MLL"
GLOVIS Anantapur 01-02-2026_truck,MLL,FTL-Normal,,,Penukonda,Andhra Pradesh,,,Bhopal,Madhya Pradesh,Container CMVR-18.75 MT,Freight charge,20311,Units,30020733,Corporate Office,Y,Delivered with pod,Monthly,2026-02-01,2026-12-31,1,To Bill,,GLOVIS KIA,Sonet,,,,,"Invalid Original customer, Invalid Invoice To ( Corporate Office ), Invalid Service Receiver# MLL"
GLOVIS Anantapur 01-02-2026_truck,MLL,FTL-Normal,,,Penukonda,Andhra Pradesh,,,Gwalior,Madhya Pradesh,Container CMVR-18.75 MT,Freight charge,21587,Units,30020733,Corporate Office,Y,Delivered with pod,Monthly,2026-02-01,2026-12-31,1,To Bill,,GLOVIS KIA,Sonet,,,,,"Invalid Original customer, Invalid Invoice To ( Corporate Office ), Invalid Service Receiver# MLL"
GLOVIS Anantapur 01-02-2026_truck,MLL,FTL-Normal,,,Penukonda,Andhra Pradesh,,,Indore,Madhya Pradesh,Container CMVR-18.75 MT,Freight charge,16391,Units,30020733,Corporate Office,Y,Delivered with pod,Monthly,2026-02-01,2026-12-31,1,To Bill,,GLOVIS KIA,Sonet,,,,,"Invalid Original customer, Invalid Invoice To ( Corporate Office ), Invalid Service Receiver# MLL"
GLOVIS Anantapur 01-02-2026_truck,MLL,FTL-Normal,,,Penukonda,Andhra Pradesh,,,Khargone,Madhya Pradesh,Container CMVR-18.75 MT,Freight charge,14671,Units,30020733,Corporate Office,Y,Delivered with pod,Monthly,2026-02-01,2026-12-31,1,To Bill,,GLOVIS KIA,Sonet,,,,,"Invalid Original customer, Invalid Invoice To ( Corporate Office ), Invalid Service Receiver# MLL"
GLOVIS Anantapur 01-02-2026_truck,MLL,FTL-Normal,,,Penukonda,Andhra Pradesh,,,Ratlam,Madhya Pradesh,Container CMVR-18.75 MT,Freight charge,17189,Units,30020733,Corporate Office,Y,Delivered with pod,Monthly,2026-02-01,2026-12-31,1,To Bill,,GLOVIS KIA,Sonet,,,,,"Invalid Original customer, Invalid Invoice To ( Corporate Office ), Invalid Service Receiver# MLL"
GLOVIS Anantapur 01-02-2026_truck,MLL,FTL-Normal,,,Penukonda,Andhra Pradesh,,,Ujjain,Madhya Pradesh,Container CMVR-18.75 MT,Freight charge,17695,Units,30020733,Corporate Office,Y,Delivered with pod,Monthly,2026-02-01,2026-12-31,1,To Bill,,GLOVIS KIA,Sonet,,,,,"Invalid Original customer, Invalid Invoice To ( Corporate Office ), Invalid Service Receiver# MLL"
GLOVIS Anantapur 01-02-2026_truck,MLL,FTL-Normal,,,Penukonda,Andhra Pradesh,,,Kalyan,Maharashtra,Container CMVR-18.75 MT,Freight charge,11435,Units,30020733,Corporate Office,Y,Delivered with pod,Monthly,2026-02-01,2026-12-31,1,To Bill,,GLOVIS KIA,Sonet,,,,,"Invalid Original customer, Invalid Invoice To ( Corporate Office ), Invalid Service Receiver# MLL"
GLOVIS Anantapur 01-02-2026_truck,MLL,FTL-Normal,,,Penukonda,Andhra Pradesh,,,Vasai,Maharashtra,Container CMVR-18.75 MT,Freight charge,11641,Units,30020733,Corporate Office,Y,Delivered with pod,Monthly,2026-02-01,2026-12-31,1,To Bill,,GLOVIS KIA,Sonet,,,,,"Invalid Original customer, Invalid Invoice To ( Corporate Office ), Invalid Service Receiver# MLL"
GLOVIS Anantapur 01-02-2026_truck,MLL,FTL-Normal,,,Penukonda,Andhra Pradesh,,,Ahmednagar,Maharashtra,Container CMVR-18.75 MT,Freight charge,8614,Units,30020733,Corporate Office,Y,Delivered with pod,Monthly,2026-02-01,2026-12-31,1,To Bill,,GLOVIS KIA,Sonet,,,,,"Invalid Original customer, Invalid Invoice To ( Corporate Office ), Invalid Service Receiver# MLL"
GLOVIS Anantapur 01-02-2026_truck,MLL,FTL-Normal,,,Penukonda,Andhra Pradesh,,,Aurangabad,Maharashtra,Container CMVR-18.75 MT,Freight charge,9258,Units,30020733,Corporate Office,Y,Delivered with pod,Monthly,2026-02-01,2026-12-31,1,To Bill,,GLOVIS KIA,Sonet,,,,,"Invalid Original customer, Invalid Invoice To ( Corporate Office ), Invalid Service Receiver# MLL"
GLOVIS Anantapur 01-02-2026_truck,MLL,FTL-Normal,,,Penukonda,Andhra Pradesh,,,Baramati,Maharashtra,Container CMVR-18.75 MT,Freight charge,7769,Units,30020733,Corporate Office,Y,Delivered with pod,Monthly,2026-02-01,2026-12-31,1,To Bill,,GLOVIS KIA,Sonet,,,,,"Invalid Original customer, Invalid Invoice To ( Corporate Office ), Invalid Service Receiver# MLL"
GLOVIS Anantapur 01-02-2026_truck,MLL,FTL-Normal,,,Penukonda,Andhra Pradesh,,,Jalgaon,Maharashtra,Container CMVR-18.75 MT,Freight charge,12139,Units,30020733,Corporate Office,Y,Delivered with pod,Monthly,2026-02-01,2026-12-31,1,To Bill,,GLOVIS KIA,Sonet,,,,,"Invalid Original customer, Invalid Invoice To ( Corporate Office ), Invalid Service Receiver# MLL"
GLOVIS Anantapur 01-02-2026_truck,MLL,FTL-Normal,,,Penukonda,Andhra Pradesh,,,Kolhapur,Maharashtra,Container CMVR-18.75 MT,Freight charge,8107,Units,30020733,Corporate Office,Y,Delivered with pod,Monthly,2026-02-01,2026-12-31,1,To Bill,,GLOVIS KIA,Sonet,,,,,"Invalid Original customer, Invalid Invoice To ( Corporate Office ), Invalid Service Receiver# MLL"
GLOVIS Anantapur 01-02-2026_truck,MLL,FTL-Normal,,,Penukonda,Andhra Pradesh,,,LATUR,Maharashtra,Container CMVR-18.75 MT,Freight charge,8327,Units,30020733,Corporate Office,Y,Delivered with pod,Monthly,2026-02-01,2026-12-31,1,To Bill,,GLOVIS KIA,Sonet,,,,,"Invalid Original customer, Invalid Invoice To ( Corporate Office ), Invalid Service Receiver# MLL"
GLOVIS Anantapur 01-02-2026_truck,MLL,FTL-Normal,,,Penukonda,Andhra Pradesh,,,Malegaon,Maharashtra,Container CMVR-18.75 MT,Freight charge,9847,Units,30020733,Corporate Office,Y,Delivered with pod,Monthly,2026-02-01,2026-12-31,1,To Bill,,GLOVIS KIA,Sonet,,,,,"Invalid Original customer, Invalid Invoice To ( Corporate Office ), Invalid Service Receiver# MLL"
GLOVIS Anantapur 01-02-2026_truck,MLL,FTL-Normal,,,Penukonda,Andhra Pradesh,,,Mumbai,Maharashtra,Container CMVR-18.75 MT,Freight charge,11640,Units,30020733,Corporate Office,Y,Delivered with pod,Monthly,2026-02-01,2026-12-31,1,To Bill,,GLOVIS KIA,Sonet,,,,,"Invalid Original customer, Invalid Invoice To ( Corporate Office ), Invalid Service Receiver# MLL"
GLOVIS Anantapur 01-02-2026_truck,MLL,FTL-Normal,,,Penukonda,Andhra Pradesh,,,Nanded,Maharashtra,Container CMVR-18.75 MT,Freight charge,7807,Units,30020733,Corporate Office,Y,Delivered with pod,Monthly,2026-02-01,2026-12-31,1,To Bill,,GLOVIS KIA,Sonet,,,,,"Invalid Original customer, Invalid Invoice To ( Corporate Office ), Invalid Service Receiver# MLL"
GLOVIS Anantapur 01-02-2026_truck,MLL,FTL-Normal,,,Penukonda,Andhra Pradesh,,,Nashik,Maharashtra,Container CMVR-18.75 MT,Freight charge,9997,Units,30020733,Corporate Office,Y,Delivered with pod,Monthly,2026-02-01,2026-12-31,1,To Bill,,GLOVIS KIA,Sonet,,,,,"Invalid Original customer, Invalid Invoice To ( Corporate Office ), Invalid Service Receiver# MLL"
GLOVIS Anantapur 01-02-2026_truck,MLL,FTL-Normal,,,Penukonda,Andhra Pradesh,,,NAVI MUMBAI,Maharashtra,Container CMVR-18.75 MT,Freight charge,11472,Units,30020733,Corporate Office,Y,Delivered with pod,Monthly,2026-02-01,2026-12-31,1,To Bill,,GLOVIS KIA,Sonet,,,,,"Invalid Original customer, Invalid Invoice To ( Corporate Office ), Invalid Service Receiver# MLL"
GLOVIS Anantapur 01-02-2026_truck,MLL,FTL-Normal,,,Penukonda,Andhra Pradesh,,,Pune,Maharashtra,Container CMVR-18.75 MT,Freight charge,8623,Units,30020733,Corporate Office,Y,Delivered with pod,Monthly,2026-02-01,2026-12-31,1,To Bill,,GLOVIS KIA,Sonet,,,,,"Invalid Original customer, Invalid Invoice To ( Corporate Office ), Invalid Service Receiver# MLL"
GLOVIS Anantapur 01-02-2026_truck,MLL,FTL-Normal,,,Penukonda,Andhra Pradesh,,,Ratnagiri,Maharashtra,Container CMVR-18.75 MT,Freight charge,9168,Units,30020733,Corporate Office,Y,Delivered with pod,Monthly,2026-02-01,2026-12-31,1,To Bill,,GLOVIS KIA,Sonet,,,,,"Invalid Original customer, Invalid Invoice To ( Corporate Office ), Invalid Service Receiver# MLL"
GLOVIS Anantapur 01-02-2026_truck,MLL,FTL-Normal,,,Penukonda,Andhra Pradesh,,,Sangamner,Maharashtra,Container CMVR-18.75 MT,Freight charge,9530,Units,30020733,Corporate Office,Y,Delivered with pod,Monthly,2026-02-01,2026-12-31,1,To Bill,,GLOVIS KIA,Sonet,,,,,"Invalid Original customer, Invalid Invoice To ( Corporate Office ), Invalid Service Receiver# MLL"
GLOVIS Anantapur 01-02-2026_truck,MLL,FTL-Normal,,,Penukonda,Andhra Pradesh,,,Sangli,Maharashtra,Container CMVR-18.75 MT,Freight charge,8499,Units,30020733,Corporate Office,Y,Delivered with pod,Monthly,2026-02-01,2026-12-31,1,To Bill,,GLOVIS KIA,Sonet,,,,,"Invalid Original customer, Invalid Invoice To ( Corporate Office ), Invalid Service Receiver# MLL"
GLOVIS Anantapur 01-02-2026_truck,MLL,FTL-Normal,,,Penukonda,Andhra Pradesh,,,Shorapur,Maharashtra,Container CMVR-18.75 MT,Freight charge,7089,Units,30020733,Corporate Office,Y,Delivered with pod,Monthly,2026-02-01,2026-12-31,1,To Bill,,GLOVIS KIA,Sonet,,,,,"Invalid Original customer, Invalid Invoice To ( Corporate Office ), Invalid Service Receiver# MLL"
GLOVIS Anantapur 01-02-2026_truck,MLL,FTL-Normal,,,Penukonda,Andhra Pradesh,,,Thane,Maharashtra,Container CMVR-18.75 MT,Freight charge,11736,Units,30020733,Corporate Office,Y,Delivered with pod,Monthly,2026-02-01,2026-12-31,1,To Bill,,GLOVIS KIA,Sonet,,,,,"Invalid Original customer, Invalid Invoice To ( Corporate Office ), Invalid Service Receiver# MLL"
GLOVIS Anantapur 01-02-2026_truck,MLL,FTL-Normal,,,Penukonda,Andhra Pradesh,,,Chhatarpur,Madhya Pradesh,Container CMVR-18.75 MT,Freight charge,17149,Units,30020733,Corporate Office,Y,Delivered with pod,Monthly,2026-02-01,2026-12-31,1,To Bill,,GLOVIS KIA,Sonet,,,,,"Invalid Original customer, Invalid Invoice To ( Corporate Office ), Invalid Service Receiver# MLL"
GLOVIS Anantapur 01-02-2026_truck,MLL,FTL-Normal,,,Penukonda,Andhra Pradesh,,,Bhiwani,Haryana,Container CMVR-18.75 MT,Freight charge,22352,Units,30020733,Corporate Office,Y,Delivered with pod,Monthly,2026-02-01,2026-12-31,1,To Bill,,GLOVIS KIA,Sonet,,,,,"Invalid Original customer, Invalid Invoice To ( Corporate Office ), Invalid Service Receiver# MLL"
GLOVIS Anantapur 01-02-2026_truck,MLL,FTL-Normal,,,Penukonda,Andhra Pradesh,,,Udupi,Karnataka,Container CMVR-18.75 MT,Freight charge,10123,Units,30020733,Corporate Office,Y,Delivered with pod,Monthly,2026-02-01,2026-12-31,1,To Bill,,GLOVIS KIA,Sonet,,,,,"Invalid Original customer, Invalid Invoice To ( Corporate Office ), Invalid Service Receiver# MLL"
GLOVIS Anantapur 01-02-2026_truck,MLL,FTL-Normal,,,Penukonda,Andhra Pradesh,,,Raichur,Karnataka,Container CMVR-18.75 MT,Freight charge,6076,Units,30020733,Corporate Office,Y,Delivered with pod,Monthly,2026-02-01,2026-12-31,1,To Bill,,GLOVIS KIA,Sonet,,,,,"Invalid Original customer, Invalid Invoice To ( Corporate Office ), Invalid Service Receiver# MLL"
GLOVIS Anantapur 01-02-2026_truck,MLL,FTL-Normal,,,Penukonda,Andhra Pradesh,,,Hardoi,Uttar Pradesh,Container CMVR-18.75 MT,Freight charge,19725,Units,30020733,Corporate Office,Y,Delivered with pod,Monthly,2026-02-01,2026-12-31,1,To Bill,,GLOVIS KIA,Sonet,,,,,"Invalid Original customer, Invalid Invoice To ( Corporate Office ), Invalid Service Receiver# MLL"
GLOVIS Anantapur 01-02-2026_truck,MLL,FTL-Normal,,,Penukonda,Andhra Pradesh,,,Chikamberpur,Uttar Pradesh,Container CMVR-18.75 MT,Freight charge,10841,Units,30020733,Corporate Office,Y,Delivered with pod,Monthly,2026-02-01,2026-12-31,1,To Bill,,GLOVIS KIA,Sonet,,,,,"Invalid Original customer, Invalid Invoice To ( Corporate Office ), Invalid Service Receiver# MLL"
GLOVIS Anantapur 01-02-2026_truck,MLL,FTL-Normal,,,Penukonda,Andhra Pradesh,,,Beed,Maharashtra,Container CMVR-18.75 MT,Freight charge,8503,Units,30020733,Corporate Office,Y,Delivered with pod,Monthly,2026-02-01,2026-12-31,1,To Bill,,GLOVIS KIA,Sonet,,,,,"Invalid Original customer, Invalid Invoice To ( Corporate Office ), Invalid Service Receiver# MLL"
GLOVIS Anantapur 01-02-2026_truck,MLL,FTL-Normal,,,Penukonda,Andhra Pradesh,,,Firozabad,Uttar Pradesh,Container CMVR-18.75 MT,Freight charge,20424,Units,30020733,Corporate Office,Y,Delivered with pod,Monthly,2026-02-01,2026-12-31,1,To Bill,,GLOVIS KIA,Sonet,,,,,"Invalid Original customer, Invalid Invoice To ( Corporate Office ), Invalid Service Receiver# MLL"
GLOVIS Anantapur 01-02-2026_truck,MLL,FTL-Normal,,,Penukonda,Andhra Pradesh,,,Chittoor,Andhra Pradesh,Container CMVR-18.75 MT,Freight charge,4093,Units,30020733,Corporate Office,Y,Delivered with pod,Monthly,2026-02-01,2026-12-31,1,To Bill,,GLOVIS KIA,Sonet,,,,,"Invalid Original customer, Invalid Invoice To ( Corporate Office ), Invalid Service Receiver# MLL"
GLOVIS Anantapur 01-02-2026_truck,MLL,FTL-Normal,,,Penukonda,Andhra Pradesh,,,Jalna,Maharashtra,Container CMVR-18.75 MT,Freight charge,9140,Units,30020733,Corporate Office,Y,Delivered with pod,Monthly,2026-02-01,2026-12-31,1,To Bill,,GLOVIS KIA,Sonet,,,,,"Invalid Original customer, Invalid Invoice To ( Corporate Office ), Invalid Service Receiver# MLL"
GLOVIS Anantapur 01-02-2026_truck,MLL,FTL-Normal,,,Penukonda,Andhra Pradesh,,,Jaunpur,Uttar Pradesh,Container CMVR-18.75 MT,Freight charge,24325,Units,30020733,Corporate Office,Y,Delivered with pod,Monthly,2026-02-01,2026-12-31,1,To Bill,,GLOVIS KIA,Sonet,,,,,"Invalid Original customer, Invalid Invoice To ( Corporate Office ), Invalid Service Receiver# MLL"
GLOVIS Anantapur 01-02-2026_truck,MLL,FTL-Normal,,,Penukonda,Andhra Pradesh,,,Bahadurgarh,Haryana,Container CMVR-18.75 MT,Freight charge,21398,Units,30020733,Corporate Office,Y,Delivered with pod,Monthly,2026-02-01,2026-12-31,1,To Bill,,GLOVIS KIA,Sonet,,,,,"Invalid Original customer, Invalid Invoice To ( Corporate Office ), Invalid Service Receiver# MLL"
GLOVIS Anantapur 01-02-2026_truck,MLL,FTL-Normal,,,Penukonda,Andhra Pradesh,,,Surendranagar,Gujarat,Container CMVR-18.75 MT,Freight charge,19864,Units,30020733,Corporate Office,Y,Delivered with pod,Monthly,2026-02-01,2026-12-31,1,To Bill,,GLOVIS KIA,Sonet,,,,,"Invalid Original customer, Invalid Invoice To ( Corporate Office ), Invalid Service Receiver# MLL"
GLOVIS Anantapur 01-02-2026_truck,MLL,FTL-Normal,,,Penukonda,Andhra Pradesh,,,Balotra,Rajasthan,Container CMVR-18.75 MT,Freight charge,21587,Units,30020733,Corporate Office,Y,Delivered with pod,Monthly,2026-02-01,2026-12-31,1,To Bill,,GLOVIS KIA,Sonet,,,,,"Invalid Original customer, Invalid Invoice To ( Corporate Office ), Invalid Service Receiver# MLL"
GLOVIS Anantapur 01-02-2026_truck,MLL,FTL-Normal,,,Penukonda,Andhra Pradesh,,,Boduppal,Telangana,Container CMVR-18.75 MT,Freight charge,7422,Units,30020733,Corporate Office,Y,Delivered with pod,Monthly,2026-02-01,2026-12-31,1,To Bill,,GLOVIS KIA,Sonet,,,,,"Invalid Original customer, Invalid Invoice To ( Corporate Office ), Invalid Service Receiver# MLL"
GLOVIS Anantapur 01-02-2026_truck,MLL,FTL-Normal,,,Penukonda,Andhra Pradesh,,,Churu,Rajasthan,Container CMVR-18.75 MT,Freight charge,21928,Units,30020733,Corporate Office,Y,Delivered with pod,Monthly,2026-02-01,2026-12-31,1,To Bill,,GLOVIS KIA,Sonet,,,,,"Invalid Original customer, Invalid Invoice To ( Corporate Office ), Invalid Service Receiver# MLL"
GLOVIS Anantapur 01-02-2026_truck,MLL,FTL-Normal,,,Penukonda,Andhra Pradesh,,,Nawanshahr,Punjab,Container CMVR-18.75 MT,Freight charge,25811,Units,30020733,Corporate Office,Y,Delivered with pod,Monthly,2026-02-01,2026-12-31,1,To Bill,,GLOVIS KIA,Sonet,,,,,"Invalid Original customer, Invalid Invoice To ( Corporate Office ), Invalid Service Receiver# MLL"
GLOVIS Anantapur 01-02-2026_truck,MLL,FTL-Normal,,,Penukonda,Andhra Pradesh,,,Bardoli,Gujarat,Container CMVR-18.75 MT,Freight charge,14628,Units,30020733,Corporate Office,Y,Delivered with pod,Monthly,2026-02-01,2026-12-31,1,To Bill,,GLOVIS KIA,Sonet,,,,,"Invalid Original customer, Invalid Invoice To ( Corporate Office ), Invalid Service Receiver# MLL"
GLOVIS Anantapur 01-02-2026_truck,MLL,FTL-Normal,,,Penukonda,Andhra Pradesh,,,Payyanur,Kerala,Container CMVR-18.75 MT,Freight charge,11343,Units,30020733,Corporate Office,Y,Delivered with pod,Monthly,2026-02-01,2026-12-31,1,To Bill,,GLOVIS KIA,Sonet,,,,,"Invalid Original customer, Invalid Invoice To ( Corporate Office ), Invalid Service Receiver# MLL"
GLOVIS Anantapur 01-02-2026_truck,MLL,FTL-Normal,,,Penukonda,Andhra Pradesh,,,Baharampur,West Bengal,Container CMVR-18.75 MT,Freight charge,37152,Units,30020733,Corporate Office,Y,Delivered with pod,Monthly,2026-02-01,2026-12-31,1,To Bill,,GLOVIS KIA,Sonet,,,,,"Invalid Original customer, Invalid Invoice To ( Corporate Office ), Invalid Service Receiver# MLL"
GLOVIS Anantapur 01-02-2026_truck,MLL,FTL-Normal,,,Penukonda,Andhra Pradesh,,,Sagar,Madhya Pradesh,Container CMVR-18.75 MT,Freight charge,15121,Units,30020733,Corporate Office,Y,Delivered with pod,Monthly,2026-02-01,2026-12-31,1,To Bill,,GLOVIS KIA,Sonet,,,,,"Invalid Original customer, Invalid Invoice To ( Corporate Office ), Invalid Service Receiver# MLL"
GLOVIS Anantapur 01-02-2026_truck,MLL,FTL-Normal,,,Penukonda,Andhra Pradesh,,,Tirur,Kerala,Container CMVR-18.75 MT,Freight charge,11993,Units,30020733,Corporate Office,Y,Delivered with pod,Monthly,2026-02-01,2026-12-31,1,To Bill,,GLOVIS KIA,Sonet,,,,,"Invalid Original customer, Invalid Invoice To ( Corporate Office ), Invalid Service Receiver# MLL"
GLOVIS Anantapur 01-02-2026_truck,MLL,FTL-Normal,,,Penukonda,Andhra Pradesh,,,Kondotty,Kerala,Container CMVR-18.75 MT,Freight charge,11993,Units,30020733,Corporate Office,Y,Delivered with pod,Monthly,2026-02-01,2026-12-31,1,To Bill,,GLOVIS KIA,Sonet,,,,,"Invalid Original customer, Invalid Invoice To ( Corporate Office ), Invalid Service Receiver# MLL"
GLOVIS Anantapur 01-02-2026_truck,MLL,FTL-Normal,,,Penukonda,Andhra Pradesh,,,Mancherial,Telangana,Container CMVR-18.75 MT,Freight charge,10180,Units,30020733,Corporate Office,Y,Delivered with pod,Monthly,2026-02-01,2026-12-31,1,To Bill,,GLOVIS KIA,Sonet,,,,,"Invalid Original customer, Invalid Invoice To ( Corporate Office ), Invalid Service Receiver# MLL"
GLOVIS Anantapur 01-02-2026_truck,MLL,FTL-Normal,,,Penukonda,Andhra Pradesh,,,Guduvanchery,Tamil Nadu,Container CMVR-18.75 MT,Freight charge,6371,Units,30020733,Corporate Office,Y,Delivered with pod,Monthly,2026-02-01,2026-12-31,1,To Bill,,GLOVIS KIA,Sonet,,,,,"Invalid Original customer, Invalid Invoice To ( Corporate Office ), Invalid Service Receiver# MLL"
GLOVIS Anantapur 01-02-2026_truck,MLL,FTL-Normal,,,Penukonda,Andhra Pradesh,,,Alappuzha,Kerala,Container CMVR-18.75 MT,Freight charge,13476,Units,30020733,Corporate Office,Y,Delivered with pod,Monthly,2026-02-01,2026-12-31,1,To Bill,,GLOVIS KIA,Sonet,,,,,"Invalid Original customer, Invalid Invoice To ( Corporate Office ), Invalid Service Receiver# MLL"
GLOVIS Anantapur 01-02-2026_truck,MLL,FTL-Normal,,,Penukonda,Andhra Pradesh,,,Kharghar,Maharashtra,Container CMVR-18.75 MT,Freight charge,11473,Units,30020733,Corporate Office,Y,Delivered with pod,Monthly,2026-02-01,2026-12-31,1,To Bill,,GLOVIS KIA,Sonet,,,,,"Invalid Original customer, Invalid Invoice To ( Corporate Office ), Invalid Service Receiver# MLL"
GLOVIS Anantapur 01-02-2026_truck,MLL,FTL-Normal,,,Penukonda,Andhra Pradesh,,,Jhunjhunu,Rajasthan,Container CMVR-18.75 MT,Freight charge,21690,Units,30020733,Corporate Office,Y,Delivered with pod,Monthly,2026-02-01,2026-12-31,1,To Bill,,GLOVIS KIA,Sonet,,,,,"Invalid Original customer, Invalid Invoice To ( Corporate Office ), Invalid Service Receiver# MLL"
GLOVIS Anantapur 01-02-2026_truck,MLL,FTL-Normal,,,Penukonda,Andhra Pradesh,,,Bhagalpur,Bihar,Container CMVR-18.75 MT,Freight charge,33175,Units,30020733,Corporate Office,Y,Delivered with pod,Monthly,2026-02-01,2026-12-31,1,To Bill,,GLOVIS KIA,Sonet,,,,,"Invalid Original customer, Invalid Invoice To ( Corporate Office ), Invalid Service Receiver# MLL"
GLOVIS Anantapur 01-02-2026_truck,MLL,FTL-Normal,,,Penukonda,Andhra Pradesh,,,Ropar,Punjab,Container CMVR-18.75 MT,Freight charge,25722,Units,30020733,Corporate Office,Y,Delivered with pod,Monthly,2026-02-01,2026-12-31,1,To Bill,,GLOVIS KIA,Sonet,,,,,"Invalid Original customer, Invalid Invoice To ( Corporate Office ), Invalid Service Receiver# MLL"
GLOVIS Anantapur 01-02-2026_truck,MLL,FTL-Normal,,,Penukonda,Andhra Pradesh,,,Basti,Uttar Pradesh,Container CMVR-18.75 MT,Freight charge,22899,Units,30020733,Corporate Office,Y,Delivered with pod,Monthly,2026-02-01,2026-12-31,1,To Bill,,GLOVIS KIA,Sonet,,,,,"Invalid Original customer, Invalid Invoice To ( Corporate Office ), Invalid Service Receiver# MLL"
GLOVIS Anantapur 01-02-2026_truck,MLL,FTL-Normal,,,Penukonda,Andhra Pradesh,,,Deoria,Uttar Pradesh,Container CMVR-18.75 MT,Freight charge,24097,Units,30020733,Corporate Office,Y,Delivered with pod,Monthly,2026-02-01,2026-12-31,1,To Bill,,GLOVIS KIA,Sonet,,,,,"Invalid Original customer, Invalid Invoice To ( Corporate Office ), Invalid Service Receiver# MLL"
GLOVIS Anantapur 01-02-2026_truck,MLL,FTL-Normal,,,Penukonda,Andhra Pradesh,,,Azamgarh,Uttar Pradesh,Container CMVR-18.75 MT,Freight charge,22340,Units,30020733,Corporate Office,Y,Delivered with pod,Monthly,2026-02-01,2026-12-31,1,To Bill,,GLOVIS KIA,Sonet,,,,,"Invalid Original customer, Invalid Invoice To ( Corporate Office ), Invalid Service Receiver# MLL"
GLOVIS Anantapur 01-02-2026_truck,MLL,FTL-Normal,,,Penukonda,Andhra Pradesh,,,Virudhunagar,Tamil Nadu,Container CMVR-18.75 MT,Freight charge,11786,Units,30020733,Corporate Office,Y,Delivered with pod,Monthly,2026-02-01,2026-12-31,1,To Bill,,GLOVIS KIA,Sonet,,,,,"Invalid Original customer, Invalid Invoice To ( Corporate Office ), Invalid Service Receiver# MLL"
GLOVIS Anantapur 01-02-2026_truck,MLL,FTL-Normal,,,Penukonda,Andhra Pradesh,,,Cuddalore,Tamil Nadu,Container CMVR-18.75 MT,Freight charge,10085,Units,30020733,Corporate Office,Y,Delivered with pod,Monthly,2026-02-01,2026-12-31,1,To Bill,,GLOVIS KIA,Sonet,,,,,"Invalid Original customer, Invalid Invoice To ( Corporate Office ), Invalid Service Receiver# MLL"
GLOVIS Anantapur 01-02-2026_truck,MLL,FTL-Normal,,,Penukonda,Andhra Pradesh,,,Villupuram,Tamil Nadu,Container CMVR-18.75 MT,Freight charge,10085,Units,30020733,Corporate Office,Y,Delivered with pod,Monthly,2026-02-01,2026-12-31,1,To Bill,,GLOVIS KIA,Sonet,,,,,"Invalid Original customer, Invalid Invoice To ( Corporate Office ), Invalid Service Receiver# MLL"
GLOVIS Anantapur 01-02-2026_truck,MLL,FTL-Normal,,,Penukonda,Andhra Pradesh,,,Srinagar,Jammu and Kashmir,Container CMVR-18.75 MT,Freight charge,29476,Units,30020733,Corporate Office,Y,Delivered with pod,Monthly,2026-02-01,2026-12-31,1,To Bill,,GLOVIS KIA,Sonet,,,,,"Invalid Original customer, Invalid Invoice To ( Corporate Office ), Invalid Service Receiver# MLL"
GLOVIS Anantapur 01-02-2026_truck,MLL,FTL-Normal,,,Penukonda,Andhra Pradesh,,,Dimapur,Nagaland,Container CMVR-18.75 MT,Freight charge,47933,Units,30020733,Corporate Office,Y,Delivered with pod,Monthly,2026-02-01,2026-12-31,1,To Bill,,GLOVIS KIA,Sonet,,,,,"Invalid Original customer, Invalid Invoice To ( Corporate Office ), Invalid Service Receiver# MLL"
GLOVIS Anantapur 01-02-2026_truck,MLL,FTL-Normal,,,Penukonda,Andhra Pradesh,,,Kanjirapally,Kerala,Container CMVR-18.75 MT,Freight charge,14255,Units,30020733,Corporate Office,Y,Delivered with pod,Monthly,2026-02-01,2026-12-31,1,To Bill,,GLOVIS KIA,Sonet,,,,,"Invalid Original customer, Invalid Invoice To ( Corporate Office ), Invalid Service Receiver# MLL"
GLOVIS Anantapur 01-02-2026_truck,MLL,FTL-Normal,,,Penukonda,Andhra Pradesh,,,Jalore,Rajasthan,Container CMVR-18.75 MT,Freight charge,21587,Units,30020733,Corporate Office,Y,Delivered with pod,Monthly,2026-02-01,2026-12-31,1,To Bill,,GLOVIS KIA,Sonet,,,,,"Invalid Original customer, Invalid Invoice To ( Corporate Office ), Invalid Service Receiver# MLL"
GLOVIS Anantapur 01-02-2026_truck,MLL,FTL-Normal,,,Penukonda,Andhra Pradesh,,,Hoshiarpur,Punjab,Container CMVR-18.75 MT,Freight charge,26297,Units,30020733,Corporate Office,Y,Delivered with pod,Monthly,2026-02-01,2026-12-31,1,To Bill,,GLOVIS KIA,Sonet,,,,,"Invalid Original customer, Invalid Invoice To ( Corporate Office ), Invalid Service Receiver# MLL"
GLOVIS Anantapur 01-02-2026_truck,MLL,FTL-Normal,,,Penukonda,Andhra Pradesh,,,Ooty,Tamil Nadu,Container CMVR-18.75 MT,Freight charge,9478,Units,30020733,Corporate Office,Y,Delivered with pod,Monthly,2026-02-01,2026-12-31,1,To Bill,,GLOVIS KIA,Sonet,,,,,"Invalid Original customer, Invalid Invoice To ( Corporate Office ), Invalid Service Receiver# MLL"
GLOVIS Anantapur 01-02-2026_truck,MLL,FTL-Normal,,,Penukonda,Andhra Pradesh,,,Marthandam,Tamil Nadu,Container CMVR-18.75 MT,Freight charge,15131,Units,30020733,Corporate Office,Y,Delivered with pod,Monthly,2026-02-01,2026-12-31,1,To Bill,,GLOVIS KIA,Sonet,,,,,"Invalid Original customer, Invalid Invoice To ( Corporate Office ), Invalid Service Receiver# MLL"
GLOVIS Anantapur 01-02-2026_truck,MLL,FTL-Normal,,,Penukonda,Andhra Pradesh,,,Nagercoil,Tamil Nadu,Container CMVR-18.75 MT,Freight charge,15131,Units,30020733,Corporate Office,Y,Delivered with pod,Monthly,2026-02-01,2026-12-31,1,To Bill,,GLOVIS KIA,Sonet,,,,,"Invalid Original customer, Invalid Invoice To ( Corporate Office ), Invalid Service Receiver# MLL"
GLOVIS Anantapur 01-02-2026_truck,MLL,FTL-Normal,,,Penukonda,Andhra Pradesh,,,Greater Noida,Uttar Pradesh,Container CMVR-18.75 MT,Freight charge,23136,Units,30020733,Corporate Office,Y,Delivered with pod,Monthly,2026-02-01,2026-12-31,1,To Bill,,GLOVIS KIA,Sonet,,,,,"Invalid Original customer, Invalid Invoice To ( Corporate Office ), Invalid Service Receiver# MLL"
